{
  "model_name": "malware_classifier",
  "version": "v2_advanced",
  "trained_date": "2026-01-27T10:12:19.587284",
  "features_used": [
    "entropy",
    "file_size_log",
    "path_depth",
    "pe_sections",
    "imported_dlls",
    "exported_functions",
    "data_section_size",
    "resource_section_size",
    "packer_detected",
    "digital_signature",
    "creation_time_anomaly",
    "suspicious_strings",
    "registry_indicators",
    "system_file",
    "tmp_file"
  ],
  "training_samples": 5544,
  "performance_metrics": {
    "accuracy": 1.0,
    "precision": 1.0,
    "recall": 1.0,
    "f1_score": 1.0,
    "roc_auc": 1.0,
    "rf_accuracy": 1.0,
    "gb_accuracy": 1.0,
    "classification_report": {
      "0": {
        "precision": 1.0,
        "recall": 1.0,
        "f1-score": 1.0,
        "support": 2772.0
      },
      "1": {
        "precision": 1.0,
        "recall": 1.0,
        "f1-score": 1.0,
        "support": 2772.0
      },
      "accuracy": 1.0,
      "macro avg": {
        "precision": 1.0,
        "recall": 1.0,
        "f1-score": 1.0,
        "support": 5544.0
      },
      "weighted avg": {
        "precision": 1.0,
        "recall": 1.0,
        "f1-score": 1.0,
        "support": 5544.0
      }
    },
    "cv_scores": {
      "accuracy": {
        "mean": 0.9161240653270095,
        "std": 0.008645768693550127,
        "scores": [
          0.9035166816952209,
          0.9242560865644724,
          0.9215509467989179,
          0.9233543733092876,
          0.907942238267148
        ]
      },
      "precision": {
        "mean": 0.9119452123414462,
        "std": 0.011561816419843843,
        "scores": [
          0.8914185639229422,
          0.9272727272727272,
          0.9148936170212766,
          0.9137323943661971,
          0.9124087591240876
        ]
      },
      "recall": {
        "mean": 0.9213484242365109,
        "std": 0.011151610100494628,
        "scores": [
          0.9187725631768953,
          0.9205776173285198,
          0.9297297297297298,
          0.9351351351351351,
          0.9025270758122743
        ]
      },
      "f1": {
        "mean": 0.9165609687327191,
        "std": 0.00855450329550169,
        "scores": [
          0.9048888888888889,
          0.9239130434782609,
          0.9222520107238605,
          0.9243098842386465,
          0.9074410163339383
        ]
      },
      "roc_auc": {
        "mean": 0.9678258593277687,
        "std": 0.005642245454991845,
        "scores": [
          0.9572023286824731,
          0.9726444856408756,
          0.9691888639542069,
          0.9724314567274855,
          0.967662161633802
        ]
      }
    },
    "test_metrics": {
      "accuracy": 0.93001443001443,
      "precision": 0.9281609195402298,
      "recall": 0.9321789321789322,
      "f1_score": 0.9301655867530597,
      "roc_auc": 0.9721987968741215,
      "specificity": 0.9278499278499278,
      "false_positive_rate": 0.07215007215007214,
      "confusion_matrix": [
        [
          643,
          50
        ],
        [
          47,
          646
        ]
      ],
      "classification_report": {
        "0": {
          "precision": 0.9318840579710145,
          "recall": 0.9278499278499278,
          "f1-score": 0.9298626174981923,
          "support": 693.0
        },
        "1": {
          "precision": 0.9281609195402298,
          "recall": 0.9321789321789322,
          "f1-score": 0.9301655867530597,
          "support": 693.0
        },
        "accuracy": 0.93001443001443,
        "macro avg": {
          "precision": 0.9300224887556221,
          "recall": 0.93001443001443,
          "f1-score": 0.9300141021256261,
          "support": 1386.0
        },
        "weighted avg": {
          "precision": 0.9300224887556222,
          "recall": 0.93001443001443,
          "f1-score": 0.930014102125626,
          "support": 1386.0
        }
      }
    },
    "optimal_threshold": 0.5000000000000001
  },
  "description": "Ensemble (RF+GB) classifier for malware detection - optimized for 85-95% accuracy"
}