{
  "accuracy": [
    0.4261683523654938,
    0.510276198387146,
    0.5200724601745605,
    0.5227778553962708,
    0.5229960083961487,
    0.5231051445007324,
    0.5231269598007202,
    0.5231051445007324,
    0.5231269598007202,
    0.523148775100708,
    0.5231269598007202,
    0.5231269598007202,
    0.5231269598007202,
    0.5231269598007202,
    0.5231269598007202,
    0.5231269598007202,
    0.5231269598007202,
    0.5231269598007202,
    0.5231269598007202,
    0.5231269598007202,
    0.5231269598007202
  ],
  "val_accuracy": [
    0.5231695771217346,
    0.5231695771217346,
    0.5231695771217346,
    0.5231695771217346,
    0.5231695771217346,
    0.5231695771217346,
    0.5231695771217346,
    0.5231695771217346,
    0.5231695771217346,
    0.5231695771217346,
    0.5231695771217346,
    0.5231695771217346,
    0.5231695771217346,
    0.5231695771217346,
    0.5231695771217346,
    0.5231695771217346,
    0.5231695771217346,
    0.5231695771217346,
    0.5231695771217346,
    0.5231695771217346,
    0.5231695771217346
  ],
  "loss": [
    1.5652998685836792,
    1.2814488410949707,
    1.2561300992965698,
    1.2440669536590576,
    1.238730549812317,
    1.2359668016433716,
    1.2328827381134033,
    1.2329233884811401,
    1.2302778959274292,
    1.229961633682251,
    1.2277230024337769,
    1.2273530960083008,
    1.2270480394363403,
    1.2261991500854492,
    1.2255789041519165,
    1.2252131700515747,
    1.225647211074829,
    1.2245901823043823,
    1.2245168685913086,
    1.223975419998169,
    1.2244633436203003
  ],
  "val_loss": [
    1.2360156774520874,
    1.2233096361160278,
    1.2218767404556274,
    1.2198566198349,
    1.2208296060562134,
    1.2209032773971558,
    1.221199631690979,
    1.2192823886871338,
    1.2224656343460083,
    1.2198917865753174,
    1.2200443744659424,
    1.2190485000610352,
    1.2192658185958862,
    1.2191587686538696,
    1.2194644212722778,
    1.2201532125473022,
    1.2195096015930176,
    1.2196671962738037,
    1.2205965518951416,
    1.219969391822815,
    1.2199182510375977
  ],
  "epochs_completed": 21,
  "epochs_requested": 150
}